lstm_ukdale_1_watthours_granu300_hor1440_lb60_drop0_pdflen200_sigmoid_lay50-1,ukdale_1,300,1440,60,(50, 1),watthours,5.267211914,5.262864113
lstm_ukdale_1_watthours_granu300_hor1440_lb60_drop0_pdflen200_sigmoid_lay50-1,ukdale_1,300,1440,60,(50, 1),watthours,5.274902821,5.271793842
lstm_ukdale_1_watthours_granu300_hor1440_lb60_drop0_pdflen200_sigmoid_lay50-1,ukdale_1,300,1440,60,(50, 1),watthours,5.268279076,5.264369488
lstm_ukdale_1_watthours_granu300_hor1440_lb60_drop0_pdflen200_sigmoid_lay50-1,ukdale_1,300,1440,60,(50, 1),watthours,5.273071766,5.269730568
lstm_ukdale_1_watthours_granu300_hor1440_lb60_drop0_pdflen200_sigmoid_lay50-1,ukdale_1,300,1440,60,(50, 1),watthours,5.269563198,5.265850067
lstm__granu300_hor1440_lb60_drop0_pdflen200_sigmoid_lay50-1,ukdale_1,300,1440,60,(50, 1),watthours,5.267603874,5.263228416
lstm__granu300_hor1440_lb60_drop0_pdflen200_sigmoid_lay50-1,ukdale_1,300,1440,60,(50, 1),watthours,5.212524891,5.205837727
lstm__granu300_hor1440_lb60_drop0_pdflen200_sigmoid_lay50-1,ukdale_1,300,1440,60,(50, 1),watthours,5.078574926,5.060822487
lstm__granu300_hor1440_lb60_drop0_pdflen200_sigmoid_lay50-1,ukdale_1,300,1440,60,(50, 1),watthours,4.956852847,4.9501791
lstm__granu300_hor5_lb60_drop0_pdflen200_sigmoid_cal_lay40-40-40,300,5,60,(40,40, 40),watthours,4.072274134,3.79603076
lstm__granu300_hor5_lb60_drop0_pdflen200_sigmoid_cal_lay40-40-40,300,5,60,(40,40, 40),watthours,1.301071591,1.125869751
lstm__granu300_hor5_lb60_drop0.2_pdflen200_sigmoid_cal_lay40-40-40,300,5,60,(40,40, 40),watthours,3.60159359,3.237981796
lstm__granu300_hor5_lb60_drop0.2_pdflen200_sigmoid_cal_lay40-40-40,300,5,60,(40,40, 40),watthours,0.868147018,0.70011735
lstm__granu300_hor5_lb60_drop0.2_pdflen200_sigmoid_cal_lay40-40-40,300,5,60,(40,40, 40),watthours,0.183258962,0.139499232
lstm__granu300_hor5_lb60_drop0.2_pdflen200_sigmoid_cal_lay40-40-40,300,5,60,(40,40, 40),watthours,0.048223064,0.033086773
lstm__granu300_hor5_lb60_drop0.2_pdflen200_sigmoid_cal_lay40-40-40,300,5,60,(40,40, 40),watthours,0.012834663,0.007942058
lstm__granu300_hor5_lb60_drop0.2_pdflen200_sigmoid_cal_lay40-40-40,300,5,60,(40,40, 40),watthours,0.00344493,0.001875669
lstm__granu300_hor5_lb60_drop0.2_pdflen200_sigmoid_cal_lay40-40-40,300,5,60,(40,40, 40),watthours,0.000908434,0.000462281
lstm__granu300_hor5_lb60_drop0.2_pdflen200_sigmoid_cal_lay40-40-40,300,5,60,(40,40, 40),watthours,0.000282527,0.000126131
lstm__granu300_hor5_lb60_drop0.2_pdflen200_sigmoid_cal_lay40-40-40,300,5,60,(40,40, 40),watthours,9.93E-05,4.14E-05
lstm__granu300_hor5_lb60_drop0.2_pdflen200_sigmoid_cal_lay40-40-40,300,5,60,(40,40, 40),watthours,4.18E-05,1.79E-05
lstm__granu300_hor5_lb60_drop0.2_pdflen200_sigmoid_cal_lay40-40-40,300,5,60,(40,40, 40),watthours,1.94E-05,5.96E-07
lstm__granu300_hor5_lb60_drop0.2_pdflen200_sigmoid_cal_lay40-40-40,300,5,60,(40,40, 40),watthours,8.94E-06,0
lstm__granu300_hor5_lb60_drop0.2_pdflen200_sigmoid_cal_lay40-40-40,300,5,60,(40,40, 40),watthours,3.96E-06,0
lstm__granu300_hor5_lb60_drop0.2_pdflen200_sigmoid_cal_lay40-40-40,300,5,60,(40,40, 40),watthours,1.79E-06,0
lstm__granu300_hor5_lb60_drop0.2_pdflen200_sigmoid_cal_lay40-40-40,300,5,60,(40,40, 40),watthours,1.29E-06,0
lstm__granu300_hor5_lb60_drop0.2_pdflen200_sigmoid_cal_lay40-40-40,300,5,60,(40,40, 40),watthours,8.65E-07,0
lstm__granu300_hor5_lb60_drop0.2_pdflen200_sigmoid_cal_lay40-40-40,300,5,60,(40,40, 40),watthours,4.62E-07,0
lstm__granu300_hor5_lb60_drop0.2_pdflen200_sigmoid_cal_lay40-40-40,300,5,60,(40,40, 40),watthours,6.19E-07,0
lstm__granu300_hor5_lb60_drop0.2_pdflen200_sigmoid_cal_lay40-40-40,300,5,60,(40,40, 40),watthours,4.35E-07,0
lstm__granu300_hor5_lb60_drop0.2_pdflen200_sigmoid_cal_lay40-40-40,300,5,60,(40,40, 40),watthours,9.23E-07,0
lstm__granu300_hor5_lb60_drop0.2_pdflen200_sigmoid_cal_lay40-40-40,300,5,60,(40,40, 40),watthours,4.09E-07,0
lstm__granu300_hor5_lb60_drop0.2_pdflen1000_sigmoid_cal_lay40-40-40,300,5,60,(40,40, 40),watthours,0.163178416,0.126647979
lstm__granu300_hor5_lb60_drop0.2_pdflen200_sigmoid_cal_lay40-40-40,300,5,60,(40,40, 40),watthours,5.81E-07,0
lstm__granu300_hor5_lb60_drop0.2_pdflen1000_sigmoid_cal_lay40-40-40,300,5,60,(40,40, 40),watthours,0.006240809,0.003512885
lstm__granu300_hor5_lb60_drop0.2_pdflen1000_sigmoid_cal_lay40-40-40,300,5,60,(40,40, 40),watthours,0.005736516,0.003064915
lstm__granu300_hor5_lb60_drop0.2_pdflen1000_sigmoid_cal_lay40-40-40,300,5,60,(40,40, 40),watthours,0.005056953,0.002682165
lstm__granu300_hor5_lb60_drop0.2_pdflen1000_sigmoid_cal_lay40-40-40,300,5,60,(40,40, 40),watthours,0.004440016,0.002350769
lstm__granu300_hor5_lb60_drop0.2_pdflen1000_sigmoid_cal_lay40-40-40,300,5,60,(40,40, 40),watthours,0.003946409,0.002119818
lstm__granu300_hor5_lb60_drop0.2_pdflen1000_sigmoid_cal_lay40-40-40,300,5,60,(40,40, 40),watthours,0.003558437,0.001885044
lstm__granu300_hor5_lb60_drop0.2_pdflen1000_sigmoid_cal_lay40-40-40,300,5,60,(40,40, 40),watthours,0.003241411,0.001678146
lstm__granu300_hor5_lb60_drop0.2_pdflen1000_sigmoid_cal_lay40-40-40,300,5,60,(40,40, 40),watthours,0.002973607,0.001518508
lstm__granu300_hor5_lb60_drop0.2_pdflen5000_sigmoid_cal_lay40-40-40,300,5,60,(40,40, 40),watthours,0.458467985,0.366816312
lstm__granu300_hor5_lb60_drop0.2_pdflen5000_sigmoid_cal_lay40-40-40,300,5,60,(40,40, 40),watthours,0.027931212,0.010824979
lstm__granu300_hor5_lb60_drop0.2_pdflen5000_sigmoid_cal_lay40-40-40,300,5,60,(40,40, 40),watthours,0.013161141,0.001876265
lstm__granu300_hor1440_lb60_drop0.2_pdflen5000_sigmoid_cal_lay40-40-40,300,5,60,(40,40, 40),watthours,8.513380637,8.503752708
lstm__granu300_hor1440_lb60_drop0.2_pdflen5000_sigmoid_cal_lay40-40-40,300,5,60,(40,40, 40),watthours,8.501776373,8.486898422
lstm__granu300_hor1440_lb60_drop0.2_pdflen5000_sigmoid_cal_lay40-40-40,300,10,60,(40,40, 40),watthours,8.485189622,8.46090889
lstm__granu300_hor1440_lb60_drop0.2_pdflen5000_sigmoid_cal_lay40-40-40,300,15,60,(40,40, 40),watthours,8.45936738,8.420899391
lstm__granu300_hor1440_lb60_drop0.2_pdflen5000_sigmoid_cal_lay40-40-40,300,20,60,(40,40, 40),watthours,8.422059554,8.368509293
lstm__granu300_hor1440_lb60_drop0.2_pdflen5000_sigmoid_cal_lay40-40-40,300,25,60,(40,40, 40),watthours,8.367450292,8.279014587
lstm__granu300_hor1440_lb60_drop0.2_pdflen5000_sigmoid_cal_lay40-40-40,300,30,60,(40,40, 40),watthours,8.279164664,8.147805214
lstm__granu300_hor1440_lb60_drop0.2_pdflen5000_sigmoid_cal_lay40-40-40,300,35,60,(40,40, 40),watthours,8.151886592,7.984891891
lstm__granu300_hor1440_lb60_drop0.2_pdflen5000_sigmoid_cal_lay40-40-40,300,40,60,(40,40, 40),watthours,8.002241373,7.819236279
lstm__granu300_hor1440_lb60_drop0.2_pdflen5000_sigmoid_cal_lay40-40-40,300,45,60,(40,40, 40),watthours,7.843906699,7.643065929
lstm__granu300_hor1440_lb60_drop0.2_pdflen5000_sigmoid_cal_lay40-40-40,300,50,60,(40,40, 40),watthours,7.667757676,7.425850868
lstm__granu300_hor1440_lb60_drop0.2_pdflen5000_sigmoid_cal_lay40-40-40,300,55,60,(40,40, 40),watthours,7.464237264,7.259073257
lstm__granu300_hor1440_lb60_drop0.2_pdflen5000_sigmoid_cal_lay40-40-40,300,60,60,(40,40, 40),watthours,7.292780653,7.056661606
lstm__granu300_hor1440_lb60_drop0.2_pdflen5000_sigmoid_cal_lay40-40-40,300,65,60,(40,40, 40),watthours,7.100109953,6.866931438
lstm__granu300_hor1440_lb60_drop0.2_pdflen5000_sigmoid_cal_lay40-40-40,300,70,60,(40,40, 40),watthours,6.914825594,6.682881832
lstm__granu300_hor1440_lb60_drop0.2_pdflen5000_sigmoid_cal_lay40-40-40,300,75,60,(40,40, 40),watthours,6.727538102,6.469333172
lstm__granu300_hor1440_lb60_drop0.2_pdflen5000_sigmoid_cal_lay40-40-40,300,80,60,(40,40, 40),watthours,6.50987246,6.248738289
lstm__granu300_hor1440_lb60_drop0.2_pdflen5000_sigmoid_cal_lay40-40-40,300,85,60,(40,40, 40),watthours,6.295059369,6.020997524
lstm__granu300_hor60_lb60_drop0.2_pdflen5000_sigmoid_cal_lay40-40-40,300,5,60,(40,40, 40),watthours,8.519032863,8.509305
lstm__granu300_hor60_lb60_drop0.2_pdflen5000_sigmoid_cal_lay40-40-40,300,5,60,(40,40, 40),watthours,8.507548158,8.497824669
lstm__granu300_hor60_lb60_drop0.2_pdflen5000_sigmoid_cal_lay40-40-40,300,10,60,(40,40, 40),watthours,8.495731091,8.481965065
lstm__granu300_hor60_lb60_drop0.2_pdflen5000_sigmoid_cal_lay40-40-40,300,15,60,(40,40, 40),watthours,8.478902807,8.460173607
lstm__granu300_hor60_lb60_drop0.2_pdflen5000_sigmoid_cal_lay40-40-40,300,20,60,(40,40, 40),watthours,8.454337903,8.426292419
lstm__granu300_hor60_lb60_drop0.2_pdflen5000_sigmoid_cal_lay40-40-40,300,25,60,(40,40, 40),watthours,8.417638792,8.375061035
lstm__granu300_hor60_lb60_drop0.2_pdflen5000_sigmoid_cal_lay40-40-40,300,30,60,(40,40, 40),watthours,8.36171027,8.291312218
lstm__granu300_hor60_lb60_drop0.2_pdflen5000_sigmoid_cal_lay40-40-40,300,35,60,(40,40, 40),watthours,8.272881265,8.16809082
lstm__granu300_hor60_lb60_drop0.2_pdflen5000_sigmoid_cal_lay40-40-40,300,40,60,(40,40, 40),watthours,8.141080462,8.000002861
lstm__granu300_hor60_lb60_drop0.2_pdflen5000_sigmoid_cal_lay40-40-40,300,45,60,(40,40, 40),watthours,7.969428952,7.791891098
lstm__granu300_hor60_lb60_drop0.2_pdflen5000_sigmoid_cal_lay40-40-40,300,50,60,(40,40, 40),watthours,7.756844286,7.560361385
lstm__granu300_hor60_lb60_drop0.2_pdflen5000_sigmoid_cal_lay40-40-40,300,55,60,(40,40, 40),watthours,7.541004806,7.373128414
lstm__granu300_hor60_lb60_drop0.2_pdflen5000_sigmoid_cal_lay40-40-40,300,60,60,(40,40, 40),watthours,7.342107714,7.147828102
lstm__granu300_hor60_lb60_drop0.2_pdflen5000_sigmoid_cal_lay40-40-40,300,5,60,(40,40, 40),watthours,5.119007196,4.922030926
lstm__granu300_hor60_lb60_drop0.2_pdflen5000_sigmoid_cal_lay40-40-40,300,10,60,(40,40, 40),watthours,3.437570118,3.325790644
lstm__granu300_hor60_lb60_drop0.2_pdflen5000_sigmoid_cal_lay40-40-40,300,15,60,(40,40, 40),watthours,2.075553278,2.000314951
lstm__granu300_hor60_lb60_drop0.2_pdflen5000_sigmoid_cal_lay40-40-40,300,20,60,(40,40, 40),watthours,1.099469593,1.052342534
lstm__granu300_hor60_lb60_drop0.2_pdflen5000_sigmoid_cal_lay40-40-40,300,25,60,(40,40, 40),watthours,0.626576283,0.618638873
lstm__granu300_hor60_lb60_drop0.2_pdflen5000_sigmoid_cal_lay40-40-40,300,30,60,(40,40, 40),watthours,0.46111995,0.492269993
lstm__granu300_hor60_lb60_drop0.2_pdflen5000_sigmoid_cal_lay40-40-40,300,35,60,(40,40, 40),watthours,0.415337251,0.461681217
lstm__granu300_hor60_lb60_drop0.2_pdflen5000_sigmoid_cal_lay40-40-40,300,40,60,(40,40, 40),watthours,0.402139285,0.45431152
lstm__granu300_hor60_lb60_drop0.2_pdflen5000_sigmoid_cal_lay40-40-40,300,45,60,(40,40, 40),watthours,0.396599147,0.450526565
lstm__granu300_hor60_lb60_drop0.2_pdflen5000_sigmoid_cal_lay40-40-40,300,50,60,(40,40, 40),watthours,0.397159075,0.448054016
lstm__granu300_hor60_lb60_drop0.2_pdflen5000_sigmoid_cal_lay40-40-40,300,55,60,(40,40, 40),watthours,0.39607675,0.447114974
lstm__granu300_hor60_lb60_drop0.2_pdflen5000_sigmoid_cal_lay40-40-40,300,60,60,(40,40, 40),watthours,0.394764123,0.446525514
lstm__granu300_hor60_lb60_drop0.2_pdflen5000_sigmoid_cal_lay40-40-40,300,5,60,(40,40, 40),watthours,0.394712645,0.446464479
lstm__granu300_hor60_lb60_drop0.2_pdflen5000_sigmoid_cal_lay40-40-40,300,10,60,(40,40, 40),watthours,0.394928146,0.446559966
lstm__granu300_hor60_lb60_drop0.2_pdflen5000_sigmoid_cal_lay40-40-40,300,15,60,(40,40, 40),watthours,0.393473325,0.446533173
lstm__granu300_hor60_lb60_drop0.2_pdflen5000_sigmoid_cal_lay40-40-40,300,20,60,(40,40, 40),watthours,0.395982209,0.446476132
lstm__granu300_hor60_lb60_drop0.2_pdflen5000_sigmoid_cal_lay40-40-40,300,25,60,(40,40, 40),watthours,0.395697569,0.446248829
lstm__granu300_hor60_lb60_drop0.2_pdflen5000_sigmoid_cal_lay40-40-40,300,30,60,(40,40, 40),watthours,0.394758778,0.446645766
lstm__granu300_hor60_lb60_drop0.2_pdflen5000_sigmoid_cal_lay40-40-40,300,35,60,(40,40, 40),watthours,0.396181671,0.445797652
lstm__granu300_hor60_lb60_drop0.2_pdflen5000_sigmoid_cal_lay40-40-40,300,40,60,(40,40, 40),watthours,0.397726386,0.446039736
lstm__granu300_hor60_lb60_drop0.2_pdflen5000_sigmoid_cal_lay40-40-40,300,45,60,(40,40, 40),watthours,0.396578611,0.445578247
lstm__granu300_hor60_lb60_drop0.2_pdflen5000_sigmoid_cal_lay40-40-40,300,50,60,(40,40, 40),watthours,0.394773492,0.445543945
lstm__granu300_hor60_lb60_drop0.2_pdflen5000_sigmoid_cal_lay40-40-40,300,55,60,(40,40, 40),watthours,0.39422455,0.445206344
lstm__granu300_hor60_lb60_drop0.2_pdflen5000_sigmoid_cal_lay40-40-40,300,60,60,(40,40, 40),watthours,0.394524717,0.445231855
lstm__granu300_hor120_lb60_drop0.2_pdflen5000_sigmoid_cal_lay40-40-40,300,5.0,60,(40, 40, 40),watthours,0.7047795259460191,0.7283071875572205
lstm__granu300_hor120_lb60_drop0.2_pdflen5000_sigmoid_cal_lay40-40-40,300,10.0,60,(40, 40, 40),watthours,0.6839224422380832,0.7167128920555115
lstm__granu300_hor120_lb60_drop0.2_pdflen5000_sigmoid_cal_lay40-40-40,300,15.0,60,(40, 40, 40),watthours,0.6825005583679572,0.7164941430091858
lstm__granu300_hor120_lb60_drop0.2_pdflen5000_sigmoid_cal_lay40-40-40,300,20.0,60,(40, 40, 40),watthours,0.6815143998185446,0.7163137793540955
lstm__granu300_hor120_lb60_drop0.2_pdflen5000_sigmoid_cal_lay40-40-40,300,25.0,60,(40, 40, 40),watthours,0.6829755173457579,0.7167890667915344
lstm__granu300_hor120_lb60_drop0.2_pdflen5000_sigmoid_cal_lay40-40-40,300,30.0,60,(40, 40, 40),watthours,0.6842415287288766,0.7136170268058777
lstm__granu300_hor120_lb60_drop0.2_pdflen5000_sigmoid_cal_lay40-40-40,300,35.0,60,(40, 40, 40),watthours,0.6833107082058999,0.7155023813247681
lstm__granu300_hor120_lb60_drop0.2_pdflen5000_sigmoid_cal_lay40-40-40,300,40.0,60,(40, 40, 40),watthours,0.682287339498761,0.716064453125
lstm__granu300_hor120_lb60_drop0.2_pdflen5000_sigmoid_cal_lay40-40-40,300,45.0,60,(40, 40, 40),watthours,0.6832007666553216,0.7145944237709045
lstm__granu300_hor120_lb60_drop0.2_pdflen5000_sigmoid_cal_lay40-40-40,300,50.0,60,(40, 40, 40),watthours,0.68420226344179,0.7152214646339417
lstm__granu300_hor120_lb60_drop0.2_pdflen5000_sigmoid_cal_lay40-40-40,300,55.0,60,(40, 40, 40),watthours,0.6820317136032858,0.7141668796539307
lstm__granu300_hor120_lb60_drop0.2_pdflen5000_sigmoid_cal_lay40-40-40,300,60.0,60,(40, 40, 40),watthours,0.6825236329745888,0.7152253985404968
lstm__granu300_hor120_lb60_drop0.2_pdflen5000_sigmoid_cal_lay40-40-40,300,65.0,60,(40, 40, 40),watthours,0.6823021969449088,0.7142578959465027
lstm__granu300_hor120_lb60_drop0.2_pdflen5000_sigmoid_cal_lay40-40-40,300,70.0,60,(40, 40, 40),watthours,0.6832363902403505,0.7155759930610657
lstm__granu300_hor120_lb60_drop0.2_pdflen5000_sigmoid_cal_lay40-40-40,300,75.0,60,(40, 40, 40),watthours,0.6825083078669666,0.7162137031555176
lstm__granu300_hor120_lb60_drop0.2_pdflen5000_sigmoid_cal_lay40-40-40,300,80.0,60,(40, 40, 40),watthours,0.6807694170292985,0.714712381362915
lstm__granu300_hor120_lb60_drop0.2_pdflen5000_sigmoid_cal_lay40-40-40,300,85.0,60,(40, 40, 40),watthours,0.6810159605644522,0.7150154709815979
lstm__granu300_hor120_lb60_drop0.2_pdflen5000_sigmoid_cal_lay40-40-40,300,90.0,60,(40, 40, 40),watthours,0.6808452110863448,0.715219259262085
lstm__granu300_hor120_lb60_drop0.2_pdflen5000_sigmoid_cal_lay40-40-40,300,95.0,60,(40, 40, 40),watthours,0.6835583138823956,0.7165183424949646
lstm__granu300_hor120_lb60_drop0.2_pdflen5000_sigmoid_cal_lay40-40-40,300,100.0,60,(40, 40, 40),watthours,0.6787219454111235,0.7077355980873108
lstm__granu300_hor120_lb60_drop0.2_pdflen5000_sigmoid_cal_lay40-40-40,300,5.0,60,(40, 40, 40),watthours,0.48780530523298976,0.42938369512557983
lstm__granu300_hor120_lb60_drop0.2_pdflen5000_sigmoid_cal_lay40-40-40,300,10.0,60,(40, 40, 40),watthours,0.48155350802240143,0.431278258562088
lstm__granu300_hor120_lb60_drop0.2_pdflen5000_sigmoid_cal_lay40-40-40,300,15.0,60,(40, 40, 40),watthours,0.4834345573925405,0.4376600384712219
lstm__granu300_hor120_lb60_drop0.2_pdflen5000_sigmoid_cal_lay40-40-40,300,20.0,60,(40, 40, 40),watthours,0.48459678668253714,0.42840272188186646
lstm__granu300_hor120_lb60_drop0.2_pdflen5000_sigmoid_cal_lay40-40-40,300,25.0,60,(40, 40, 40),watthours,0.48506254304634017,0.4322832226753235
lstm__granu300_hor120_lb60_drop0.2_pdflen5000_sigmoid_cal_lay40-40-40,300,30.0,60,(40, 40, 40),watthours,0.47726696121677736,0.42912670969963074
lstm__granu300_hor120_lb60_drop0.2_pdflen5000_sigmoid_cal_lay40-40-40,300,35.0,60,(40, 40, 40),watthours,0.4772423812012201,0.42522427439689636
lstm__granu300_hor120_lb60_drop0.2_pdflen5000_sigmoid_cal_lay40-40-40,300,40.0,60,(40, 40, 40),watthours,0.47184075073843756,0.4249897003173828
lstm__granu300_hor120_lb60_drop0.2_pdflen5000_sigmoid_cal_lay40-40-40,300,45.0,60,(40, 40, 40),watthours,0.4533263156202171,0.4174722731113434
lstm__granu300_hor120_lb60_drop0.2_pdflen5000_sigmoid_cal_lay40-40-40,300,50.0,60,(40, 40, 40),watthours,0.44889484228419424,0.43918803334236145
lstm__granu300_hor120_lb60_drop0.2_pdflen5000_sigmoid_cal_lay40-40-40,300,55.0,60,(40, 40, 40),watthours,0.4428059857837548,0.4429817199707031
lstm__granu300_hor120_lb60_drop0.2_pdflen5000_sigmoid_cal_lay40-40-40,300,60.0,60,(40, 40, 40),watthours,0.4368834328069556,0.418199360370636
lstm__granu300_hor120_lb60_drop0.2_pdflen5000_sigmoid_cal_lay40-40-40,300,65.0,60,(40, 40, 40),watthours,0.46280698979900536,0.4605216681957245
lstm__granu300_hor120_lb60_drop0.2_pdflen5000_sigmoid_cal_lay40-40-40,300,70.0,60,(40, 40, 40),watthours,0.4344667180235007,0.404545396566391
lstm__granu300_hor120_lb60_drop0.2_pdflen5000_sigmoid_cal_lay40-40-40,300,75.0,60,(40, 40, 40),watthours,0.43324981818211095,0.4159909784793854
lstm__granu300_hor120_lb60_drop0.2_pdflen5000_sigmoid_cal_lay40-40-40,300,80.0,60,(40, 40, 40),watthours,0.4331326909894788,0.40825024247169495
lstm__granu300_hor120_lb60_drop0.2_pdflen5000_sigmoid_cal_lay40-40-40,300,85.0,60,(40, 40, 40),watthours,0.42549705531480764,0.41141146421432495
lstm__granu300_hor120_lb60_drop0.2_pdflen5000_sigmoid_cal_lay40-40-40,300,90.0,60,(40, 40, 40),watthours,0.4249785535401188,0.398515522480011
lstm__granu300_hor120_lb60_drop0.2_pdflen5000_sigmoid_cal_lay40-40-40,300,95.0,60,(40, 40, 40),watthours,0.423170041866386,0.40664616227149963
lstm__granu300_hor120_lb60_drop0.2_pdflen5000_sigmoid_cal_lay40-40-40,300,100.0,60,(40, 40, 40),watthours,0.42394465241623164,0.3980642259120941
lstm__granu300_hor120_lb60_drop0.2_pdflen5000_sigmoid_cal_lay40-40-40,300,105.0,60,(40, 40, 40),watthours,0.41949278403432555,0.39325594902038574
lstm__granu300_hor120_lb60_drop0.2_pdflen5000_sigmoid_cal_lay40-40-40,300,110.0,60,(40, 40, 40),watthours,0.41914118630566793,0.3865948021411896
lstm__granu300_hor120_lb60_drop0.2_pdflen5000_sigmoid_cal_lay40-40-40,300,115.0,60,(40, 40, 40),watthours,0.4228112337660879,0.3962637186050415
lstm__granu300_hor120_lb60_drop0.2_pdflen5000_sigmoid_cal_lay40-40-40,300,120.0,60,(40, 40, 40),watthours,0.41852942642491214,0.4038887023925781
lstm__granu300_hor5_lb60_drop0.2_pdflen5000_sigmoid_cal_lay40-40-40,300,5.0,60,(40, 40, 40),watthours,0.012939512193735984,0.0017759480979293585
lstm__granu300_hor5_lb60_drop0.2_pdflen5000_sigmoid_cal_lay40-40-40,300,5.0,60,(40, 40, 40),watthours,0.012512892319547074,0.0016719348495826125
lstm__granu300_hor5_lb60_drop0.2_pdflen5000_sigmoid_cal_lay40-40-40,300,5.0,60,(40, 40, 40),watthours,0.49626223017602095,0.7804399728775024
lstm__granu300_hor5_lb60_drop0.2_pdflen5000_sigmoid_cal_lay40-40-40,300,5.0,60,(40, 40, 40),watthours,0.4923826534863023,0.7500266432762146
lstm__granu300_hor5_lb60_drop0.2_pdflen5000_sigmoid_cal_lay40-40-40,300,5.0,60,(40, 40, 40),watthours,0.459647809597048,0.746637761592865
lstm__granu300_hor5_lb60_drop0.2_pdflen5000_sigmoid_cal_lay40-40-40,300,5.0,60,(40, 40, 40),watthours,0.4417518089941093,0.7538796067237854
lstm__granu300_hor5_lb60_drop0.2_pdflen5000_sigmoid_cal_lay40-40-40,300,5.0,60,(40, 40, 40),watthours,0.4220977509003219,0.7711789011955261
lstm__granu300_hor5_lb60_drop0.2_pdflen5000_sigmoid_cal_lay40-40-40,300,5.0,60,(40, 40, 40),watthours,0.4071952372464941,0.7873024344444275
lstm__granu300_hor5_lb60_drop0.2_pdflen5000_sigmoid_cal_lay40-40-40,300,5.0,60,(40, 40, 40),watthours,0.3965067609009068,0.7999607920646667
lstm__granu300_hor5_lb60_drop0.2_pdflen5000_sigmoid_cal_lay40-40-40,300,5.0,60,(40, 40, 40),watthours,0.38018412755955805,0.8234584927558899
lstm__granu300_hor5_lb600_drop0.2_pdflen5000_sigmoid_cal_lay40-40-40,300,5.0,600,(40, 40, 40),watthours,0.5302633179728028,0.8321747779846191
lstm__granu300_hor5_lb60_drop0.2_pdflen5000_linear_cal_lay40-40-40,300,5.0,60,(40, 40, 40),watthours,0.5277428841145932,0.7842714190483093
lstm__granu300_hor5_lb60_drop0.4_pdflen5000_sigmoid_cal_lay40-40-40,300,5.0,60,(40, 40, 40),watthours,0.5684025251476057,0.7857017517089844
lstm__granu300_hor5_lb60_drop0.2_pdflen5000_sigmoid_cal_lay40-40-40,300,5.0,60,(40, 40, 40),watthours,0.34148125867265194,0.9802399345984062
lstm__granu300_hor5_lb60_drop0.2_pdflen5000_sigmoid_cal_lay40-40-40,300,5.0,60,(40, 40, 40),watthours,0.294293865695897,1.1208749645718592
lstm__granu300_hor5_lb60_drop0.2_pdflen5000_sigmoid_cal_lay40-40-40,300,5.0,60,(40, 40, 40),watthours,0.23102805877037774,1.2028498675266457
lstm__granu300_hor5_lb60_drop0.2_pdflen5000_sigmoid_cal_lay40-40-40,300,5.0,60,(40, 40, 40),watthours,0.18456628521437965,1.3606739557111887
lstm__granu300_hor5_lb60_drop0.2_pdflen5000_sigmoid_cal_lay40-40-40,300,5.0,60,(40, 40, 40),watthours,0.08757429130572368,1.8470690332872062
lstm__granu300_hor5_lb60_drop0.2_pdflen5000_sigmoid_cal_lay40-40-40,300,5.0,60,(40, 40, 40),watthours,0.06687697922799325,2.067287904038951
lstm__granu300_hor120_lb60_drop0.2_pdflen5000_sigmoid_cal_lay40-40-40,300,5.0,60,(40, 40, 40),watthours,0.3394708492990131,11.602868576049804
lstm__granu300_hor120_lb60_drop0.2_pdflen5000_sigmoid_cal_lay40-40-40,300,10.0,60,(40, 40, 40),watthours,0.32990889342615987,11.731776523590089
lstm__granu300_hor120_lb60_drop0.2_pdflen5000_sigmoid_cal_lay40-40-40,300,15.0,60,(40, 40, 40),watthours,0.3408838616816959,12.000649538040161
lstm__granu300_hor120_lb60_drop0.2_pdflen5000_sigmoid_cal_lay40-40-40,300,20.0,60,(40, 40, 40),watthours,0.2956625030694229,12.834439563751221
lstm__granu300_hor120_lb60_drop0.2_pdflen5000_sigmoid_cal_lay40-40-40,300,25.0,60,(40, 40, 40),watthours,0.2997628355652877,13.170400371551514
lstm__granu300_hor120_lb60_drop0.2_pdflen5000_sigmoid_cal_lay40-40-40,300,30.0,60,(40, 40, 40),watthours,0.24742177091492282,13.342932357788087
lstm__granu300_hor120_lb60_drop0.2_pdflen5000_sigmoid_cal_lay40-40-40,300,35.0,60,(40, 40, 40),watthours,0.26763761621691257,13.762361335754395
lstm__granu300_hor120_lb60_drop0.2_pdflen5000_sigmoid_cal_lay40-40-40,300,40.0,60,(40, 40, 40),watthours,0.2723337870291685,14.03062774658203
lstm__granu300_hor120_lb60_drop0.2_pdflen5000_sigmoid_cal_lay40-40-40,300,45.0,60,(40, 40, 40),watthours,0.26465387575244426,13.99819808959961
lstm__granu300_hor120_lb60_drop0.2_pdflen5000_sigmoid_cal_lay40-40-40,300,50.0,60,(40, 40, 40),watthours,0.25394846327388393,14.455451545715333
lstm__granu300_hor120_lb60_drop0.2_pdflen5000_sigmoid_cal_lay40-40-40,300,55.0,60,(40, 40, 40),watthours,0.23846213486003637,14.389180183410645
lstm__granu300_hor120_lb60_drop0.2_pdflen5000_sigmoid_cal_lay40-40-40,300,60.0,60,(40, 40, 40),watthours,0.21712732240464422,14.586304302215575
lstm__granu300_hor120_lb60_drop0.2_pdflen5000_sigmoid_cal_lay40-40-40,300,65.0,60,(40, 40, 40),watthours,0.23176698880887897,15.21557149887085
lstm__granu300_hor120_lb60_drop0.2_pdflen5000_sigmoid_cal_lay40-40-40,300,70.0,60,(40, 40, 40),watthours,0.318533922129489,14.757455463409423
lstm__granu300_hor120_lb60_drop0.2_pdflen5000_sigmoid_cal_lay40-40-40,300,75.0,60,(40, 40, 40),watthours,0.2604840417603527,15.08378261566162
lstm__granu300_hor120_lb60_drop0.2_pdflen5000_sigmoid_cal_lay40-40-40,300,80.0,60,(40, 40, 40),watthours,0.2288908795436124,15.680813598632813
lstm__granu300_hor120_lb60_drop0.2_pdflen5000_sigmoid_cal_lay40-40-40,300,85.0,60,(40, 40, 40),watthours,0.22126776360450906,15.993100891113281
lstm__granu300_hor120_lb60_drop0.2_pdflen5000_sigmoid_cal_lay40-40-40,300,90.0,60,(40, 40, 40),watthours,0.2164903595316246,15.969538803100585
lstm__granu300_hor120_lb60_drop0.2_pdflen5000_sigmoid_cal_lay40-40-40,300,95.0,60,(40, 40, 40),watthours,0.257161966887523,15.777489128112792
lstm__granu300_hor120_lb60_drop0.2_pdflen5000_sigmoid_cal_lay40-40-40,300,100.0,60,(40, 40, 40),watthours,0.2208978842957894,16.027597465515136
lstm__granu300_hor120_lb60_drop0.2_pdflen5000_sigmoid_cal_lay40-40-40,300,105.0,60,(40, 40, 40),watthours,0.22403154334750433,16.263141040802
lstm__granu300_hor120_lb60_drop0.2_pdflen5000_sigmoid_cal_lay40-40-40,300,110.0,60,(40, 40, 40),watthours,0.19899609330598642,16.212900676727294
lstm__granu300_hor120_lb60_drop0.2_pdflen5000_sigmoid_cal_lay40-40-40,300,115.0,60,(40, 40, 40),watthours,0.20255744490814448,15.924082832336426
lstm__granu300_hor120_lb60_drop0.2_pdflen5000_sigmoid_cal_lay40-40-40,300,120.0,60,(40, 40, 40),watthours,0.20748556225335643,16.521957931518553
lstm__granu300_hor5_lb60_drop0.2_pdflen5000_sigmoid_cal_lay40-40-40,300,5.0,60,(40, 40, 40),watthours,0.09101227942048855,2.0533150399835844
lstm__granu300_hor120_lb60_drop0.5_pdflen5000_sigmoid_cal_lay40-40-40,300,5.0,60,(40, 40, 40),watthours,0.9396998725635686,10.816167821884155
lstm__granu300_hor5_lb60_drop0.5_pdflen5000_sigmoid_cal_lay40-40-40,300,5.0,60,(40, 40, 40),watthours,4.541288653502754,1.0856340056035056
lstm__granu300_hor5_lb60_drop0.5_pdflen5000_sigmoid_cal_lay40-40-40,300,5.0,60,(40, 40, 40),watthours,0.5557836057238779,0.8669587504767363
lstm__granu300_hor5_lb60_drop0.5_pdflen5000_sigmoid_cal_lay40-40-40,300,5.0,60,(40, 40, 40),watthours,0.5784242247093706,0.9036133176003077
lstm__granu300_hor5_lb60_drop0.5_pdflen5000_sigmoid_cal_lay40-40-40,300,5.0,60,(40, 40, 40),watthours,0.6052125056090288,0.9163169946558588
lstm__granu300_hor5_lb60_drop0.2_pdflen5000_sigmoid_cal_lay40-40-40,300,5.0,60,(40, 40, 40),watthours,0.07647864549488849,2.023619355657022
lstm__granu300_hor5_lb60_drop0.2_pdflen5000_sigmoid_cal_lay40-40-40,300,5.0,60,(40, 40, 40),watthours,0.06161263005034549,2.1009408909391927
lstm__granu300_hor5_lb60_drop0.2_pdflen5000_sigmoid_cal_lay40-40-40,300,5.0,60,(40, 40, 40),watthours,0.0539948917803692,2.231049016775999
lstm__granu300_hor5_lb60_drop0.2_pdflen200_sigmoid_cal_lay40-40-40,300,5.0,60,(40, 40, 40),watthours,0.9520538296064529,0.8444454753657636
lstm__granu300_hor5_lb60_drop0.2_pdflen200_sigmoid_cal_lay40-40-40,300,5.0,60,(40, 40, 40),watthours,0.7415942509407929,0.7457936314162602
lstm__granu300_hor5_lb60_drop0.2_pdflen200_sigmoid_cal_lay50-50-50,300,5.0,60,(50, 50, 50),watthours,0.7368869049605346,0.7500401379365731
lstm__granu300_hor5_lb60_drop0.2_pdflen200_sigmoid_cal_lay50-50-50,300,5.0,60,(50, 50, 50),watthours,0.7096200671004338,0.75255504027341
lstm__granu300_hor5_lb60_drop0.2_pdflen200_sigmoid_cal_lay50-50-50,300,5.0,60,(50, 50, 50),watthours,0.6794014260386754,0.7636104550480894
lstm__granu300_hor5_lb60_drop0.2_pdflen200_sigmoid_cal_lay50-50-50,300,5.0,60,(50, 50, 50),watthours,0.6301672802779058,0.8069990566017745
lstm__granu300_hor5_lb60_drop0.5_pdflen200_sigmoid_cal_lay50-50-50,300,5.0,60,(50, 50, 50),watthours,0.7439152589953141,0.7503520185635215
lstm__granu300_hor5_lb60_drop0.5_pdflen200_sigmoid_cal_lay50-50-50,300,5.0,60,(50, 50, 50),watthours,0.7433131707822144,0.745696632182168
lstm__granu300_hor5_lb60_drop0.5_pdflen200_sigmoid_cal_lay50-50-50,300,5.0,60,(50, 50, 50),watthours,0.7455158168650288,0.7476618639975936
lstm__granu300_hor5_lb60_drop0.5_pdflen200_sigmoid_cal_lay50-50-50,300,5.0,60,(50, 50, 50),watthours,0.7464591633614075,0.749492824283228
lstm__granu300_hor5_lb60_drop0.5_pdflen200_sigmoid_cal_lay50-50-50,300,5.0,60,(50, 50, 50),watthours,0.7478407762162815,0.7446191158229736
lstm__granu300_hor5_lb240_drop0.7_pdflen200_sigmoid_cal_lay50-50-50,300,5.0,240,(50, 50, 50),watthours,0.7785751050557461,0.744434044120776
lstm__granu300_hor5_lb240_drop0.7_pdflen200_sigmoid_cal_lay50-50-50,300,5.0,240,(50, 50, 50),watthours,0.7807120579964348,0.7520016678232622
lstm__granu300_hor5_lb240_drop0.7_pdflen200_sigmoid_cal_lay50-50-50,300,5.0,240,(50, 50, 50),watthours,0.7644696685113832,0.7575719262457259
lstm__granu300_hor5_lb240_drop0.7_pdflen200_sigmoid_cal_lay50-50-50,300,5.0,240,(50, 50, 50),watthours,0.7595399726323996,0.7622499862888803
lstm__granu300_hor5_lb240_drop0.7_pdflen200_sigmoid_cal_lay50-50-50,300,5.0,240,(50, 50, 50),watthours,0.7589634104517319,0.7526981086906466
lstm__granu300_hor5_lb240_drop0.7_pdflen200_sigmoid_cal_lay50-50-50,300,5.0,240,(50, 50, 50),watthours,0.7559388581756699,0.7689886012394159
lstm__granu300_hor5_lb240_drop0.7_pdflen200_sigmoid_cal_lay50-50-50,300,5.0,240,(50, 50, 50),watthours,0.7494582819149859,0.7499554780997464
lstm__granu300_hor5_lb240_drop0.7_pdflen200_sigmoid_cal_lay50-50-50,300,5.0,240,(50, 50, 50),watthours,0.7474469071274439,0.7496933642696468
lstm__granu300_hor5_lb240_drop0.7_pdflen200_sigmoid_cal_lay50-50-50,300,5.0,240,(50, 50, 50),watthours,0.7491076135411958,0.7504906231939906
lstm__granu300_hor5_lb60_drop0.7_pdflen10_sigmoid_cal_lay50-50-50,300,5.0,60,(50, 50, 50),watthours,2.1990832881092626,1.9596457094759554
lstm__granu300_hor5_lb60_drop0.5_pdflen10_sigmoid_cal_lay50-50-50,300,5.0,60,(50, 50, 50),watthours,0.42336074506275334,0.3975211538838484
lstm__granu300_hor5_lb60_drop0.5_pdflen10_sigmoid_cal_lay50-50-50,300,5.0,60,(50, 50, 50),watthours,0.4116400008580591,0.3894664212110437
lstm__granu300_hor5_lb240_drop0.5_pdflen10_sigmoid_cal_lay40-40-40,300,5.0,240,(40, 40, 40),watthours,0.3850487123690744,0.378470180139368
lstm__granu300_hor5_lb240_drop0.5_pdflen10_sigmoid_cal_lay30-30-30,300,5.0,240,(30, 30, 30),watthours,0.3880977429731542,0.3748682067044812
lstm__granu300_hor5_lb240_drop0.5_pdflen10_sigmoid_cal_lay50-50-50,300,5.0,240,(50, 50, 50),watthours,0.3302522586746399,0.447400374428018
lstm__granu300_hor5_lb240_drop0.5_pdflen50_sigmoid_cal_lay50-50-50,300,5.0,240,(50, 50, 50),watthours,0.5813107296813408,0.5770092616437736
lstm__granu300_hor5_lb60_drop0.5_pdflen50_sigmoid_lay50-50-50,300,5.0,60,(50, 50, 50),watthours,0.6111576287156452,0.6046550868118242
lstm__granu300_hor5_lb60_drop0.5_pdflen50_sigmoid_cal_lay50-50-50,300,5.0,60,(50, 50, 50),watthours,0.49328759556222124,0.6938901597195898
lstm__granu300_hor5_lb60_drop0.7_pdflen50_sigmoid_cal_lay50-50,300,5.0,60,(50, 50),watthours,0.8750095750313348,0.691581852417831
lstm__granu300_hor5_lb60_drop0.7_pdflen50_sigmoid_cal_lay50-50,300,5.0,60,(50, 50),watthours,0.5230178943949205,0.7393838993222034
lstm__granu300_hor5_lb60_drop0.5_pdflen50_sigmoid_cal_lay40-40,300,5.0,60,(40, 40),watthours,0.5834147427935704,0.581884485963742
lstm__granu300_hor5_lb60_drop0.5_pdflen50_sigmoid_cal_lay40-40,300,5.0,60,(40, 40),watthours,0.5658274880223572,0.5855426336683114
lstm__granu300_hor5_lb60_drop0.5_pdflen50_sigmoid_cal_lay40-40,300,5.0,60,(40, 40),watthours,0.558255695139674,0.5946887719025356
lstm__granu300_hor5_lb60_drop0.5_pdflen50_sigmoid_cal_lay40-40,300,5.0,60,(40, 40),watthours,0.47044137194268704,0.7551349047080315
lstm__granu300_hor5_lb240_drop0.5_pdflen50_sigmoid_cal_lay50-50-50,300,5.0,240,(50, 50, 50),watthours,0.8873765014058395,0.00673809414729476
lstm__granu300_hor5_lb60_drop0.5_pdflen50_sigmoid_cal_lay40-40,300,5.0,60,(40, 40),watthours,0.41532067410764595,0.8851676911035931
lstm__granu300_hor5_lb60_drop0.5_pdflen50_sigmoid_cal_lay40-40,300,5,60,(40, 40),watthours,0.000678495788893489,1.2159427431047648e-05
lstm__granu300_hor5_lb60_drop0.5_pdflen50_sigmoid_cal_lay40-40,300,5,60,(40, 40),watthours,0.0007857403374285796,1.5378116586362012e-05
lstm__granu300_hor5_lb60_drop0.5_pdflen50_sigmoid_cal_lay40-40,300,5,60,(40, 40),watthours,6.34389440209e-05,0.0
lstm__granu300_hor5_lb60_drop0.7_pdflen50_sigmoid_cal_lay50-50,300,5,60,(50, 50),watthours,0.000707532715017,2.86102837152e-06
lstm__granu300_hor5_lb60_drop0.7_pdflen50_sigmoid_cal_lay50-50,300,5,60,(50, 50),watthours,1.5515109455,1.78867793798
lstm__granu300_hor5_lb60_drop0.7_pdflen50_sigmoid_cal_lay50-50,300,5.0,60,(50, 50),watthours,2.8852897207640438,3.52076612983249
lstm__granu300_hor5_lb60_drop0.7_pdflen50_sigmoid_cal_lay50-50,300,5.0,60,(50, 50),watthours,1.640067511558803,1.7568712393472814
lstm__granu300_hor5_lb60_drop0.7_pdflen50_sigmoid_cal_lay50-50,300,5.0,60,(50, 50),watts,2.0125132898413742,2.0503441471467045
lstm__granu300_hor5_lb60_drop0.7_pdflen50_sigmoid_cal_lay50-50,300,5.0,60,(50, 50),watthours,1.9550331946635993,2.0119332965773604
lstm__granu300_hor5_lb60_drop0.7_pdflen50_sigmoid_cal_lay50-50,300,5.0,60,(50, 50),watthours,1.9325258691771692,2.008406764227894
lstm__granu300_hor5_lb60_drop0.7_pdflen50_sigmoid_cal_lay50-50,300,5.0,60,(50, 50),watthours,1.9276792547737396,2.1576796424944407
lstm__granu300_hor5_lb60_drop0.7_pdflen50_sigmoid_cal_lay50-50,300,5.0,60,(50, 50),watthours,1.936459628200604,1.9835972673024176
lstm__granu300_hor240_lb60_drop0.7_pdflen50_sigmoid_cal_lay50-50,300,5.0,60,(50, 50),watthours,0.00010388845646612734,1.352681021025733e-07
lstm__granu300_hor240_lb60_drop0.7_pdflen50_sigmoid_cal_lay50-50,300,5.0,60,(50, 50),watthours,0.00010586770800746564,1.2824237074100095e-07
lstm__granu300_hor240_lb60_drop0.7_pdflen50_sigmoid_cal_lay50-50,300,10.0,60,(50, 50),watthours,0.00010943669875641636,1.2564193778142042e-07
lstm__granu300_hor240_lb60_drop0.7_pdflen50_sigmoid_cal_lay50-50,300,15.0,60,(50, 50),watthours,0.0001113325433728539,1.21444748864975e-07
lstm__granu300_hor240_lb60_drop0.7_pdflen50_sigmoid_cal_lay50-50,300,20.0,60,(50, 50),watthours,9.791032870760309e-05,1.1920928955078125e-07
lstm__granu300_hor240_lb60_drop0.7_pdflen50_sigmoid_cal_lay50-50,300,25.0,60,(50, 50),watthours,9.448341250477172e-05,1.1920928955078125e-07
lstm__granu300_hor240_lb60_drop0.7_pdflen50_sigmoid_cal_lay50-50,300,30.0,60,(50, 50),watthours,0.000100220166085393,1.1920928955078125e-07
lstm__granu300_hor240_lb60_drop0.7_pdflen50_sigmoid_cal_lay50-50,300,35.0,60,(50, 50),watthours,0.00010034986049936103,1.1920928955078125e-07
lstm__granu300_hor240_lb60_drop0.7_pdflen50_sigmoid_cal_lay50-50,300,40.0,60,(50, 50),watthours,8.911759740516073e-05,1.190724246948102e-07
lstm__granu300_hor240_lb60_drop0.7_pdflen50_sigmoid_cal_lay50-50,300,45.0,60,(50, 50),watthours,8.097851121384656e-05,1.1473837092239374e-07
lstm__granu300_hor240_lb60_drop0.7_pdflen50_sigmoid_cal_lay50-50,300,50.0,60,(50, 50),watthours,0.00010692689644211637,9.375242636735926e-08
lstm__granu300_hor240_lb60_drop0.7_pdflen50_sigmoid_cal_lay50-50,300,55.0,60,(50, 50),watthours,7.680678364064541e-05,5.95362123474051e-08
lstm__granu300_hor240_lb60_drop0.7_pdflen50_sigmoid_cal_lay50-50,300,60.0,60,(50, 50),watthours,9.69048810280752e-05,3.038399802557226e-08
lstm__granu300_hor240_lb60_drop0.7_pdflen50_sigmoid_cal_lay50-50,300,65.0,60,(50, 50),watthours,8.292202954745742e-05,2.153340400611127e-08
lstm__granu300_hor240_lb60_drop0.7_pdflen50_sigmoid_cal_lay50-50,300,70.0,60,(50, 50),watthours,6.66667285272716e-05,1.8476755556091237e-08
lstm__granu300_hor240_lb60_drop0.7_pdflen50_sigmoid_cal_lay50-50,300,75.0,60,(50, 50),watthours,6.822807230052325e-05,1.6788755665781668e-08
lstm__granu300_hor240_lb60_drop0.7_pdflen50_sigmoid_cal_lay50-50,300,80.0,60,(50, 50),watthours,8.684673356864813e-05,1.1496647901567882e-08
lstm__granu300_hor240_lb60_drop0.7_pdflen50_sigmoid_cal_lay50-50,300,85.0,60,(50, 50),watthours,6.975893768398649e-05,8.029404883634712e-09
lstm__granu300_hor240_lb60_drop0.7_pdflen50_sigmoid_cal_lay50-50,300,90.0,60,(50, 50),watthours,7.678681413141855e-05,6.478269849296187e-09
lstm__granu300_hor240_lb60_drop0.7_pdflen50_sigmoid_cal_lay50-50,300,95.0,60,(50, 50),watthours,0.00010120149845117119,3.2391349246480935e-09
lstm__granu300_hor240_lb60_drop0.7_pdflen50_sigmoid_cal_lay50-50,300,100.0,60,(50, 50),watthours,8.921216408951013e-05,1.3686485597104622e-09
lstm__granu300_hor240_lb60_drop0.7_pdflen50_sigmoid_cal_lay50-50,300,105.0,60,(50, 50),watthours,4.400457363627105e-05,1.8248647462806162e-10
lstm__granu300_hor240_lb60_drop0.7_pdflen50_sigmoid_cal_lay50-50,300,110.0,60,(50, 50),watthours,7.830204953324533e-05,0.0
lstm__granu300_hor240_lb60_drop0.7_pdflen50_sigmoid_cal_lay50-50,300,115.0,60,(50, 50),watthours,5.515775684411858e-05,0.0
lstm__granu300_hor240_lb60_drop0.7_pdflen50_sigmoid_cal_lay50-50,300,120.0,60,(50, 50),watthours,5.712323920318176e-05,0.0
lstm__granu300_hor240_lb60_drop0.7_pdflen50_sigmoid_cal_lay50-50,300,125.0,60,(50, 50),watthours,6.79308248093268e-05,0.0
lstm__granu300_hor240_lb60_drop0.7_pdflen50_sigmoid_cal_lay50-50,300,130.0,60,(50, 50),watthours,5.326743596461848e-05,0.0
lstm__granu300_hor240_lb60_drop0.7_pdflen50_sigmoid_cal_lay50-50,300,135.0,60,(50, 50),watthours,0.00010286803056593724,0.0
lstm__granu300_hor240_lb60_drop0.7_pdflen50_sigmoid_cal_lay50-50,300,140.0,60,(50, 50),watthours,4.757873384739193e-05,0.0
lstm__granu300_hor240_lb60_drop0.7_pdflen50_sigmoid_cal_lay50-50,300,145.0,60,(50, 50),watthours,5.3299537841298624e-05,0.0
lstm__granu300_hor240_lb60_drop0.7_pdflen50_sigmoid_cal_lay50-50,300,150.0,60,(50, 50),watthours,7.381951853488959e-05,0.0
lstm__granu300_hor240_lb60_drop0.7_pdflen50_sigmoid_cal_lay50-50,300,155.0,60,(50, 50),watthours,6.573998868994486e-05,0.0
lstm__granu300_hor240_lb60_drop0.7_pdflen50_sigmoid_cal_lay50-50,300,160.0,60,(50, 50),watthours,7.650784289749218e-05,0.0
lstm__granu300_hor240_lb60_drop0.7_pdflen50_sigmoid_cal_lay50-50,300,165.0,60,(50, 50),watthours,4.008986156053581e-05,0.0
lstm__granu300_hor240_lb60_drop0.7_pdflen50_sigmoid_cal_lay50-50,300,170.0,60,(50, 50),watthours,7.029030005554749e-05,0.0
lstm__granu300_hor240_lb60_drop0.7_pdflen50_sigmoid_cal_lay50-50,300,175.0,60,(50, 50),watthours,5.142393795655546e-05,0.0
lstm__granu300_hor240_lb60_drop0.7_pdflen50_sigmoid_cal_lay50-50,300,180.0,60,(50, 50),watthours,3.6487558557752816e-05,0.0
lstm__granu300_hor240_lb60_drop0.7_pdflen50_sigmoid_cal_lay50-50,300,185.0,60,(50, 50),watthours,7.317691208790151e-05,0.0
lstm__granu300_hor240_lb60_drop0.7_pdflen50_sigmoid_cal_lay50-50,300,190.0,60,(50, 50),watthours,4.886926278183899e-05,0.0
lstm__granu300_hor240_lb60_drop0.7_pdflen50_sigmoid_cal_lay50-50,300,195.0,60,(50, 50),watthours,5.2477398994886764e-05,0.0
lstm__granu300_hor240_lb60_drop0.7_pdflen50_sigmoid_cal_lay50-50,300,200.0,60,(50, 50),watthours,3.995220965745002e-05,0.0
lstm__granu300_hor240_lb60_drop0.7_pdflen50_sigmoid_cal_lay50-50,300,205.0,60,(50, 50),watthours,4.479930704026566e-05,0.0
lstm__granu300_hor240_lb60_drop0.7_pdflen50_sigmoid_cal_lay50-50,300,210.0,60,(50, 50),watthours,7.821662697188238e-05,0.0
lstm__granu300_hor240_lb60_drop0.7_pdflen50_sigmoid_cal_lay50-50,300,215.0,60,(50, 50),watthours,4.3797862505844e-05,0.0
lstm__granu300_hor240_lb60_drop0.7_pdflen50_sigmoid_cal_lay50-50,300,220.0,60,(50, 50),watthours,7.440537977521943e-05,0.0
lstm__granu300_hor240_lb60_drop0.7_pdflen50_sigmoid_cal_lay50-50,300,225.0,60,(50, 50),watthours,4.239972079408462e-05,0.0
lstm__granu300_hor240_lb60_drop0.7_pdflen50_sigmoid_cal_lay50-50,300,230.0,60,(50, 50),watthours,5.0905106863149434e-05,0.0
lstm__granu300_hor240_lb60_drop0.7_pdflen50_sigmoid_cal_lay50-50,300,235.0,60,(50, 50),watthours,3.76533577019038e-05,0.0
lstm__granu300_hor240_lb60_drop0.7_pdflen50_sigmoid_cal_lay50-50,300,240.0,60,(50, 50),watthours,5.2702226244824725e-05,0.0
lstm__granu300_hor240_lb60_drop0.7_pdflen50_sigmoid_cal_lay50-50,300,5.0,60,(50, 50),watthours,9.924243893155432e-05,0.0
lstm__granu300_hor240_lb60_drop0.7_pdflen50_sigmoid_cal_lay50-50,300,10.0,60,(50, 50),watthours,5.0718419500229684e-05,0.0
lstm__granu300_hor240_lb60_drop0.7_pdflen50_sigmoid_cal_lay50-50,300,15.0,60,(50, 50),watthours,4.2321945923781886e-05,0.0
lstm__granu300_hor240_lb60_drop0.7_pdflen50_sigmoid_cal_lay50-50,300,20.0,60,(50, 50),watthours,3.165246787132539e-05,0.0
lstm__granu300_hor240_lb60_drop0.7_pdflen50_sigmoid_cal_lay50-50,300,25.0,60,(50, 50),watthours,4.813395799358764e-05,0.0
lstm__granu300_hor240_lb60_drop0.7_pdflen50_sigmoid_cal_lay50-50,300,30.0,60,(50, 50),watthours,5.332542010088411e-05,0.0
lstm__granu300_hor240_lb60_drop0.7_pdflen50_sigmoid_cal_lay50-50,300,35.0,60,(50, 50),watthours,3.5324298609687896e-05,0.0
lstm__granu300_hor240_lb60_drop0.7_pdflen50_sigmoid_cal_lay50-50,300,40.0,60,(50, 50),watthours,5.438693185461801e-05,0.0
lstm__granu300_hor240_lb60_drop0.7_pdflen50_sigmoid_cal_lay50-50,300,45.0,60,(50, 50),watthours,2.970000621004574e-05,0.0
lstm__granu300_hor240_lb60_drop0.7_pdflen50_sigmoid_cal_lay50-50,300,50.0,60,(50, 50),watthours,4.312822839019809e-05,0.0
lstm__granu300_hor240_lb60_drop0.7_pdflen50_sigmoid_cal_lay50-50,300,55.0,60,(50, 50),watthours,5.4485023230216515e-05,0.0
lstm__granu300_hor240_lb60_drop0.7_pdflen50_sigmoid_cal_lay50-50,300,60.0,60,(50, 50),watthours,3.543438166675171e-05,0.0
lstm__granu300_hor240_lb60_drop0.7_pdflen50_sigmoid_cal_lay50-50,300,65.0,60,(50, 50),watthours,4.207204003545244e-05,0.0
lstm__granu300_hor240_lb60_drop0.7_pdflen50_sigmoid_cal_lay50-50,300,70.0,60,(50, 50),watthours,3.998188864176728e-05,0.0
lstm__granu300_hor240_lb60_drop0.7_pdflen50_sigmoid_cal_lay50-50,300,75.0,60,(50, 50),watthours,3.815099751394347e-05,0.0
lstm__granu300_hor240_lb60_drop0.7_pdflen50_sigmoid_cal_lay50-50,300,80.0,60,(50, 50),watthours,2.64400155268775e-05,0.0
lstm__granu300_hor240_lb60_drop0.7_pdflen50_sigmoid_cal_lay50-50,300,85.0,60,(50, 50),watthours,4.2448209168776007e-05,0.0
lstm__granu300_hor240_lb60_drop0.7_pdflen50_sigmoid_cal_lay50-50,300,90.0,60,(50, 50),watthours,4.1436019326694915e-05,0.0
lstm__granu300_hor240_lb60_drop0.7_pdflen50_sigmoid_cal_lay50-50,300,95.0,60,(50, 50),watthours,5.2845652340942935e-05,0.0
lstm__granu300_hor240_lb60_drop0.7_pdflen50_sigmoid_cal_lay50-50,300,100.0,60,(50, 50),watthours,3.6512878180449724e-05,0.0
lstm__granu300_hor240_lb60_drop0.7_pdflen50_sigmoid_cal_lay50-50,300,105.0,60,(50, 50),watthours,3.2241250474045596e-05,0.0
lstm__granu300_hor240_lb60_drop0.7_pdflen50_sigmoid_cal_lay50-50,300,110.0,60,(50, 50),watthours,2.5728510890905442e-05,0.0
lstm__granu300_hor240_lb60_drop0.7_pdflen50_sigmoid_cal_lay50-50,300,115.0,60,(50, 50),watthours,2.8385277387412014e-05,0.0
lstm__granu300_hor240_lb60_drop0.7_pdflen50_sigmoid_cal_lay50-50,300,120.0,60,(50, 50),watthours,2.84718597183558e-05,0.0
lstm__granu300_hor240_lb60_drop0.7_pdflen50_sigmoid_cal_lay50-50,300,125.0,60,(50, 50),watthours,2.3764172120913742e-05,0.0
lstm__granu300_hor240_lb60_drop0.7_pdflen50_sigmoid_cal_lay50-50,300,130.0,60,(50, 50),watthours,3.1378453653096225e-05,0.0
lstm__granu300_hor240_lb60_drop0.7_pdflen50_sigmoid_cal_lay50-50,300,135.0,60,(50, 50),watthours,3.6318068699935965e-05,0.0
lstm__granu300_hor240_lb60_drop0.7_pdflen50_sigmoid_cal_lay50-50,300,140.0,60,(50, 50),watthours,4.2247569611155814e-05,0.0
lstm__granu300_hor240_lb60_drop0.7_pdflen50_sigmoid_cal_lay50-50,300,145.0,60,(50, 50),watthours,2.3430686013269558e-05,0.0
lstm__granu300_hor240_lb60_drop0.7_pdflen50_sigmoid_cal_lay50-50,300,150.0,60,(50, 50),watthours,3.2507531607227394e-05,0.0
lstm__granu300_hor240_lb60_drop0.7_pdflen50_sigmoid_cal_lay50-50,300,155.0,60,(50, 50),watthours,3.79388191754204e-05,0.0
lstm__granu300_hor240_lb60_drop0.7_pdflen50_sigmoid_cal_lay50-50,300,160.0,60,(50, 50),watthours,2.250906864382652e-05,0.0
lstm__granu300_hor240_lb60_drop0.7_pdflen50_sigmoid_cal_lay50-50,300,165.0,60,(50, 50),watthours,3.552172799821628e-05,0.0
lstm__granu300_hor240_lb60_drop0.7_pdflen50_sigmoid_cal_lay50-50,300,170.0,60,(50, 50),watthours,2.9974701084989093e-05,0.0
lstm__granu300_hor240_lb60_drop0.7_pdflen50_sigmoid_cal_lay50-50,300,175.0,60,(50, 50),watthours,2.5182310859541827e-05,0.0
lstm__granu300_hor240_lb60_drop0.7_pdflen50_sigmoid_cal_lay50-50,300,180.0,60,(50, 50),watthours,2.2886160549687085e-05,0.0
lstm__granu300_hor240_lb60_drop0.7_pdflen50_sigmoid_cal_lay50-50,300,185.0,60,(50, 50),watthours,2.539960530150728e-05,0.0
lstm__granu300_hor240_lb60_drop0.7_pdflen50_sigmoid_cal_lay50-50,300,190.0,60,(50, 50),watthours,3.0209500766346238e-05,0.0
lstm__granu300_hor240_lb60_drop0.7_pdflen50_sigmoid_cal_lay50-50,300,195.0,60,(50, 50),watthours,2.8856074118934192e-05,0.0
lstm__granu300_hor240_lb60_drop0.7_pdflen50_sigmoid_cal_lay50-50,300,200.0,60,(50, 50),watthours,2.9079009453707173e-05,0.0
lstm__granu300_hor240_lb60_drop0.7_pdflen50_sigmoid_cal_lay50-50,300,205.0,60,(50, 50),watthours,2.3248191176367222e-05,0.0
lstm__granu300_hor240_lb60_drop0.7_pdflen50_sigmoid_cal_lay50-50,300,210.0,60,(50, 50),watthours,2.681859353759689e-05,0.0
lstm__granu300_hor240_lb60_drop0.7_pdflen50_sigmoid_cal_lay50-50,300,215.0,60,(50, 50),watthours,2.874962115966617e-05,0.0
lstm__granu300_hor240_lb60_drop0.7_pdflen50_sigmoid_cal_lay50-50,300,220.0,60,(50, 50),watthours,7.4663652783179e-05,0.0
lstm__granu300_hor240_lb60_drop0.7_pdflen50_sigmoid_cal_lay50-50,300,225.0,60,(50, 50),watthours,4.937693692771029e-05,0.0
lstm__granu300_hor240_lb60_drop0.7_pdflen50_sigmoid_cal_lay50-50,300,230.0,60,(50, 50),watthours,2.2326657996851026e-05,0.0
lstm__granu300_hor240_lb60_drop0.7_pdflen50_sigmoid_cal_lay50-50,300,235.0,60,(50, 50),watthours,2.324448655758343e-05,0.0
lstm__granu300_hor240_lb60_drop0.7_pdflen50_sigmoid_cal_lay50-50,300,240.0,60,(50, 50),watthours,1.5558128245130423e-05,0.0
lstm__granu300_hor240_lb60_drop0.7_pdflen50_sigmoid_cal_lay50-50,300,5.0,60,(50, 50),watthours,4.069203930526355e-05,0.0
lstm__granu300_hor240_lb60_drop0.7_pdflen50_sigmoid_cal_lay50-50,300,10.0,60,(50, 50),watthours,3.5630023315237466e-05,0.0
lstm__granu300_hor240_lb60_drop0.7_pdflen50_sigmoid_cal_lay50-50,300,15.0,60,(50, 50),watthours,2.7475425023334666e-05,0.0
lstm__granu300_hor240_lb60_drop0.7_pdflen50_sigmoid_cal_lay50-50,300,20.0,60,(50, 50),watthours,3.597610389882428e-05,0.0
lstm__granu300_hor240_lb60_drop0.7_pdflen50_sigmoid_cal_lay50-50,300,25.0,60,(50, 50),watthours,2.4561560825099465e-05,0.0
lstm__granu300_hor240_lb60_drop0.7_pdflen50_sigmoid_cal_lay50-50,300,30.0,60,(50, 50),watthours,2.3745226441544796e-05,0.0
lstm__granu300_hor240_lb60_drop0.7_pdflen50_sigmoid_cal_lay50-50,300,35.0,60,(50, 50),watthours,2.3959949879288336e-05,0.0
lstm__granu300_hor240_lb60_drop0.7_pdflen50_sigmoid_cal_lay50-50,300,40.0,60,(50, 50),watthours,1.7467379424170418e-05,0.0
lstm__granu300_hor240_lb60_drop0.7_pdflen50_sigmoid_cal_lay50-50,300,45.0,60,(50, 50),watthours,2.029117107157803e-05,0.0
lstm__granu300_hor240_lb60_drop0.7_pdflen50_sigmoid_cal_lay50-50,300,50.0,60,(50, 50),watthours,1.960078762321277e-05,0.0
lstm__granu300_hor240_lb60_drop0.7_pdflen50_sigmoid_cal_lay50-50,300,55.0,60,(50, 50),watthours,1.868372485706276e-05,0.0
lstm__granu300_hor240_lb60_drop0.7_pdflen50_sigmoid_cal_lay50-50,300,60.0,60,(50, 50),watthours,2.1739656559174097e-05,0.0
lstm__granu300_hor240_lb60_drop0.7_pdflen50_sigmoid_cal_lay50-50,300,65.0,60,(50, 50),watthours,2.7695579175054916e-05,0.0
lstm__granu300_hor240_lb60_drop0.7_pdflen50_sigmoid_cal_lay50-50,300,70.0,60,(50, 50),watthours,2.830221099053541e-05,0.0
lstm__granu300_hor240_lb60_drop0.7_pdflen50_sigmoid_cal_lay50-50,300,75.0,60,(50, 50),watthours,2.114195961322426e-05,0.0
lstm__granu300_hor240_lb60_drop0.7_pdflen50_sigmoid_cal_lay50-50,300,80.0,60,(50, 50),watthours,2.636854031826289e-05,0.0
lstm__granu300_hor240_lb60_drop0.7_pdflen50_sigmoid_cal_lay50-50,300,85.0,60,(50, 50),watthours,3.99785789761042e-05,0.0
lstm__granu300_hor240_lb60_drop0.7_pdflen50_sigmoid_cal_lay50-50,300,90.0,60,(50, 50),watthours,6.466781683407389e-05,0.0
lstm__granu300_hor240_lb60_drop0.7_pdflen50_sigmoid_cal_lay50-50,300,95.0,60,(50, 50),watthours,1.9258132665189202e-05,0.0
lstm__granu300_hor240_lb60_drop0.7_pdflen50_sigmoid_cal_lay50-50,300,100.0,60,(50, 50),watthours,2.6524119863352546e-05,0.0
lstm__granu300_hor240_lb60_drop0.7_pdflen50_sigmoid_cal_lay50-50,300,105.0,60,(50, 50),watthours,1.802724939520337e-05,0.0
lstm__granu300_hor240_lb60_drop0.7_pdflen50_sigmoid_cal_lay50-50,300,110.0,60,(50, 50),watthours,1.563624506403162e-05,0.0
lstm__granu300_hor240_lb60_drop0.7_pdflen50_sigmoid_cal_lay50-50,300,115.0,60,(50, 50),watthours,1.6435160370991295e-05,0.0
lstm__granu300_hor240_lb60_drop0.7_pdflen50_sigmoid_cal_lay50-50,300,120.0,60,(50, 50),watthours,2.8849710717202756e-05,0.0
lstm__granu300_hor240_lb60_drop0.7_pdflen50_sigmoid_cal_lay50-50,300,125.0,60,(50, 50),watthours,1.5063771861793718e-05,0.0
lstm__granu300_hor240_lb60_drop0.7_pdflen50_sigmoid_cal_lay50-50,300,130.0,60,(50, 50),watthours,1.8062355134135428e-05,0.0
lstm__granu300_hor240_lb60_drop0.7_pdflen50_sigmoid_cal_lay50-50,300,135.0,60,(50, 50),watthours,2.337686018480583e-05,0.0
lstm__granu300_hor240_lb60_drop0.7_pdflen50_sigmoid_cal_lay50-50,300,140.0,60,(50, 50),watthours,1.767986891521557e-05,0.0
lstm__granu300_hor240_lb60_drop0.7_pdflen50_sigmoid_cal_lay50-50,300,145.0,60,(50, 50),watthours,1.855072076481549e-05,0.0
lstm__granu300_hor240_lb60_drop0.7_pdflen50_sigmoid_cal_lay50-50,300,150.0,60,(50, 50),watthours,2.0318406764070022e-05,0.0
lstm__granu300_hor240_lb60_drop0.7_pdflen50_sigmoid_cal_lay50-50,300,155.0,60,(50, 50),watthours,3.18034208763806e-05,0.0
lstm__granu300_hor240_lb60_drop0.7_pdflen50_sigmoid_cal_lay50-50,300,160.0,60,(50, 50),watthours,1.6632922159516814e-05,0.0
lstm__granu300_hor240_lb60_drop0.7_pdflen50_sigmoid_cal_lay50-50,300,165.0,60,(50, 50),watthours,1.3683019621094387e-05,0.0
lstm__granu300_hor240_lb60_drop0.7_pdflen50_sigmoid_cal_lay50-50,300,170.0,60,(50, 50),watthours,2.3675302588247826e-05,0.0
lstm__granu300_hor240_lb60_drop0.7_pdflen50_sigmoid_cal_lay50-50,300,175.0,60,(50, 50),watthours,1.0627027149393109e-05,0.0
lstm__granu300_hor240_lb60_drop0.7_pdflen50_sigmoid_cal_lay50-50,300,180.0,60,(50, 50),watthours,1.8523136084075736e-05,0.0
lstm__granu300_hor240_lb60_drop0.7_pdflen50_sigmoid_cal_lay50-50,300,185.0,60,(50, 50),watthours,1.5538289211839037e-05,0.0
lstm__granu300_hor240_lb60_drop0.7_pdflen50_sigmoid_cal_lay50-50,300,190.0,60,(50, 50),watthours,1.829548232646052e-05,0.0
lstm__granu300_hor240_lb60_drop0.7_pdflen50_sigmoid_cal_lay50-50,300,195.0,60,(50, 50),watthours,2.2110118080450508e-05,0.0
lstm__granu300_hor240_lb60_drop0.7_pdflen50_sigmoid_cal_lay50-50,300,200.0,60,(50, 50),watthours,1.5382092910814916e-05,0.0
lstm__granu300_hor240_lb60_drop0.7_pdflen50_sigmoid_cal_lay50-50,300,205.0,60,(50, 50),watthours,1.266123123077145e-05,0.0
lstm__granu300_hor240_lb60_drop0.7_pdflen50_sigmoid_cal_lay50-50,300,210.0,60,(50, 50),watthours,1.873409149769022e-05,0.0
lstm__granu300_hor240_lb60_drop0.7_pdflen50_sigmoid_cal_lay50-50,300,215.0,60,(50, 50),watthours,1.5815970351077495e-05,0.0
lstm__granu300_hor240_lb60_drop0.7_pdflen50_sigmoid_cal_lay50-50,300,220.0,60,(50, 50),watthours,2.4250119638613398e-05,0.0
lstm__granu300_hor240_lb60_drop0.7_pdflen50_sigmoid_cal_lay50-50,300,225.0,60,(50, 50),watthours,1.0827033663245106e-05,0.0
lstm__granu300_hor240_lb60_drop0.7_pdflen50_sigmoid_cal_lay50-50,300,230.0,60,(50, 50),watthours,3.28298585417264e-05,0.0
lstm__granu300_hor240_lb60_drop0.7_pdflen50_sigmoid_cal_lay50-50,300,235.0,60,(50, 50),watthours,1.372420406197578e-05,0.0
lstm__granu300_hor240_lb60_drop0.7_pdflen50_sigmoid_cal_lay50-50,300,240.0,60,(50, 50),watthours,1.3075581092832343e-05,0.0
lstm__granu300_hor240_lb60_drop0.7_pdflen50_sigmoid_cal_lay50-50,300,5.0,60,(50, 50),watthours,3.106812755065116e-05,0.0
lstm__granu300_hor240_lb60_drop0.7_pdflen50_sigmoid_cal_lay50-50,300,10.0,60,(50, 50),watthours,2.3593544945926938e-05,0.0
lstm__granu300_hor240_lb60_drop0.7_pdflen50_sigmoid_cal_lay50-50,300,15.0,60,(50, 50),watthours,2.987595979937981e-05,0.0
lstm__granu300_hor240_lb60_drop0.7_pdflen50_sigmoid_cal_lay50-50,300,20.0,60,(50, 50),watthours,1.680648698793614e-05,0.0
lstm__granu300_hor240_lb60_drop0.7_pdflen50_sigmoid_cal_lay50-50,300,25.0,60,(50, 50),watthours,2.492322702877355e-05,0.0
lstm__granu300_hor240_lb60_drop0.7_pdflen50_sigmoid_cal_lay50-50,300,30.0,60,(50, 50),watthours,1.1625759423200758e-05,0.0
lstm__granu300_hor240_lb60_drop0.7_pdflen50_sigmoid_cal_lay50-50,300,35.0,60,(50, 50),watthours,1.734684363018026e-05,0.0
lstm__granu300_hor240_lb60_drop0.7_pdflen50_sigmoid_cal_lay50-50,300,40.0,60,(50, 50),watthours,9.948533762121675e-06,0.0
lstm__granu300_hor240_lb60_drop0.7_pdflen50_sigmoid_cal_lay50-50,300,45.0,60,(50, 50),watthours,1.8241889737406784e-05,0.0
lstm__granu300_hor240_lb60_drop0.7_pdflen50_sigmoid_cal_lay50-50,300,50.0,60,(50, 50),watthours,3.696842050084002e-05,0.0
lstm__granu300_hor240_lb60_drop0.7_pdflen50_sigmoid_cal_lay50-50,300,55.0,60,(50, 50),watthours,1.6496366783632603e-05,0.0
lstm__granu300_hor240_lb60_drop0.7_pdflen50_sigmoid_cal_lay50-50,300,60.0,60,(50, 50),watthours,2.20971178521273e-05,0.0
lstm__granu300_hor240_lb60_drop0.7_pdflen50_sigmoid_cal_lay50-50,300,65.0,60,(50, 50),watthours,2.0098262999341228e-05,0.0
lstm__granu300_hor240_lb60_drop0.7_pdflen50_sigmoid_cal_lay50-50,300,70.0,60,(50, 50),watthours,3.26710167854237e-05,0.0
lstm__granu300_hor240_lb60_drop0.7_pdflen50_sigmoid_cal_lay50-50,300,75.0,60,(50, 50),watthours,8.384591292243876e-06,0.0
lstm__granu300_hor240_lb60_drop0.7_pdflen50_sigmoid_cal_lay50-50,300,80.0,60,(50, 50),watthours,1.5258475141774663e-05,0.0
lstm__granu300_hor240_lb60_drop0.7_pdflen50_sigmoid_cal_lay50-50,300,85.0,60,(50, 50),watthours,1.263553602597341e-05,0.0
lstm__granu300_hor240_lb60_drop0.7_pdflen50_sigmoid_cal_lay50-50,300,90.0,60,(50, 50),watthours,1.71640239423783e-05,0.0
lstm__granu300_hor240_lb60_drop0.7_pdflen50_sigmoid_cal_lay50-50,300,95.0,60,(50, 50),watthours,1.5767791811356808e-05,0.0
lstm__granu300_hor240_lb60_drop0.7_pdflen50_sigmoid_cal_lay50-50,300,100.0,60,(50, 50),watthours,1.3909093096315548e-05,0.0
lstm__granu300_hor240_lb60_drop0.7_pdflen50_sigmoid_cal_lay50-50,300,105.0,60,(50, 50),watthours,1.4316067963150065e-05,0.0
lstm__granu300_hor240_lb60_drop0.7_pdflen50_sigmoid_cal_lay50-50,300,110.0,60,(50, 50),watthours,1.4486916012868832e-05,0.0
lstm__granu300_hor240_lb60_drop0.7_pdflen50_sigmoid_cal_lay50-50,300,115.0,60,(50, 50),watthours,2.1040904024634613e-05,0.0
lstm__granu300_hor240_lb60_drop0.7_pdflen50_sigmoid_cal_lay50-50,300,120.0,60,(50, 50),watthours,2.3776133453572765e-05,0.0
lstm__granu300_hor240_lb60_drop0.7_pdflen50_sigmoid_cal_lay50-50,300,125.0,60,(50, 50),watthours,1.6210935363426784e-05,0.0
lstm__granu300_hor240_lb60_drop0.7_pdflen50_sigmoid_cal_lay50-50,300,130.0,60,(50, 50),watthours,1.03839245474599e-05,0.0
lstm__granu300_hor240_lb60_drop0.7_pdflen50_sigmoid_cal_lay50-50,300,135.0,60,(50, 50),watthours,2.5225616148621155e-05,0.0
lstm__granu300_hor240_lb60_drop0.7_pdflen50_sigmoid_cal_lay50-50,300,140.0,60,(50, 50),watthours,1.5213703923862333e-05,0.0
lstm__granu300_hor240_lb60_drop0.7_pdflen50_sigmoid_cal_lay50-50,300,145.0,60,(50, 50),watthours,1.7539408565088014e-05,0.0
lstm__granu300_hor240_lb60_drop0.7_pdflen50_sigmoid_cal_lay50-50,300,150.0,60,(50, 50),watthours,1.0330362519656093e-05,0.0
lstm__granu300_hor240_lb60_drop0.7_pdflen50_sigmoid_cal_lay50-50,300,155.0,60,(50, 50),watthours,1.2753958276974251e-05,0.0
lstm__granu300_hor240_lb60_drop0.7_pdflen50_sigmoid_cal_lay50-50,300,160.0,60,(50, 50),watthours,1.5471383057372878e-05,0.0
lstm__granu300_hor240_lb60_drop0.7_pdflen50_sigmoid_cal_lay50-50,300,165.0,60,(50, 50),watthours,2.7415976590727853e-05,0.0
lstm__granu300_hor240_lb60_drop0.7_pdflen50_sigmoid_cal_lay50-50,300,170.0,60,(50, 50),watthours,1.0910665421426765e-05,0.0
lstm__granu300_hor240_lb60_drop0.7_pdflen50_sigmoid_cal_lay50-50,300,175.0,60,(50, 50),watthours,1.1555350267559393e-05,0.0
lstm__granu300_hor240_lb60_drop0.7_pdflen50_sigmoid_cal_lay50-50,300,180.0,60,(50, 50),watthours,1.4911631444909468e-05,0.0
lstm__granu300_hor240_lb60_drop0.7_pdflen50_sigmoid_cal_lay50-50,300,185.0,60,(50, 50),watthours,1.2381462427729581e-05,0.0
lstm__granu300_hor240_lb60_drop0.7_pdflen50_sigmoid_cal_lay50-50,300,190.0,60,(50, 50),watthours,1.64021699427413e-05,0.0
lstm__granu300_hor240_lb60_drop0.7_pdflen50_sigmoid_cal_lay50-50,300,195.0,60,(50, 50),watthours,1.5426753099777507e-05,0.0
lstm__granu300_hor240_lb60_drop0.7_pdflen50_sigmoid_cal_lay50-50,300,200.0,60,(50, 50),watthours,1.398076357104121e-05,0.0
lstm__granu300_hor240_lb60_drop0.7_pdflen50_sigmoid_cal_lay50-50,300,205.0,60,(50, 50),watthours,1.1781708050221118e-05,0.0
lstm__granu300_hor240_lb60_drop0.7_pdflen50_sigmoid_cal_lay50-50,300,210.0,60,(50, 50),watthours,9.208215218046342e-06,0.0
lstm__granu300_hor240_lb60_drop0.7_pdflen50_sigmoid_cal_lay50-50,300,215.0,60,(50, 50),watthours,1.1758100554302752e-05,0.0
lstm__granu300_hor240_lb60_drop0.7_pdflen50_sigmoid_cal_lay50-50,300,220.0,60,(50, 50),watthours,1.7433175427809446e-05,0.0
lstm__granu300_hor240_lb60_drop0.7_pdflen50_sigmoid_cal_lay50-50,300,225.0,60,(50, 50),watthours,1.4262538149239873e-05,0.0
lstm__granu300_hor240_lb60_drop0.7_pdflen50_sigmoid_cal_lay50-50,300,230.0,60,(50, 50),watthours,1.6611979780819442e-05,0.0
lstm__granu300_hor240_lb60_drop0.7_pdflen50_sigmoid_cal_lay50-50,300,235.0,60,(50, 50),watthours,8.051526505181653e-06,0.0
lstm__granu300_hor240_lb60_drop0.7_pdflen50_sigmoid_cal_lay50-50,300,240.0,60,(50, 50),watthours,1.2446696382739931e-05,0.0
lstm__granu300_hor20_lb60_drop0.7_pdflen50_sigmoid_cal_lay50-50,300,5.0,60,(50, 50),watthours,0.20265220502566417,0.2578647663334829
lstm__granu300_hor20_lb60_drop0.7_pdflen50_sigmoid_cal_lay50-50,300,5.0,60,(50, 50),watthours,0.1535623574977299,0.272592408353256
lstm__granu300_hor20_lb60_drop0.7_pdflen50_sigmoid_cal_lay50-50,300,5.0,60,(50, 50),watthours,0.1498569808777609,0.2518357311765412
lstm__granu300_hor20_lb60_drop0.7_pdflen50_sigmoid_cal_lay50-50,300,5.0,60,(50, 50),watthours,0.14813321814895228,0.23945548529946473
lstm__granu300_hor20_lb60_drop0.7_pdflen50_sigmoid_cal_lay50-50,300,10.0,60,(50, 50),watthours,0.14543896651809943,0.2633437609231571
lstm__granu300_hor20_lb60_drop0.7_pdflen50_sigmoid_cal_lay50-50,300,15.0,60,(50, 50),watthours,0.14247552527579144,0.2788131450708688
lstm__granu300_hor20_lb60_drop0.7_pdflen50_sigmoid_cal_lay50-50,300,20.0,60,(50, 50),watthours,0.14080871068103784,0.24261490208917305
lstm__granu300_hor20_lb60_drop0.7_pdflen50_sigmoid_cal_lay50-50,300,5.0,60,(50, 50),watthours,0.1402034547233995,0.24186453165496385
lstm__granu300_hor20_lb60_drop0.7_pdflen50_sigmoid_cal_lay50-50,300,10.0,60,(50, 50),watthours,0.13870221804522362,0.24044742408028918
lstm__granu300_hor20_lb60_drop0.7_pdflen50_sigmoid_cal_lay50-50,300,15.0,60,(50, 50),watthours,0.13713351743328075,0.2980380527154354
lstm__granu300_hor20_lb60_drop0.7_pdflen50_sigmoid_cal_lay50-50,300,20.0,60,(50, 50),watthours,0.13672311771315038,0.24251167212656025
lstm__granu300_hor20_lb60_drop0.7_pdflen50_sigmoid_cal_lay50-50,300,5.0,60,(50, 50),watthours,0.1254747141622084,0.25523847359877916
lstm__granu300_hor20_lb60_drop0.7_pdflen50_sigmoid_cal_lay50-50,300,10.0,60,(50, 50),watthours,0.11839657271781036,0.27599692576125684
lstm__granu300_hor20_lb60_drop0.7_pdflen50_sigmoid_cal_lay50-50,300,15.0,60,(50, 50),watthours,0.10877637771707137,0.2385942041191157
lstm__granu300_hor20_lb60_drop0.7_pdflen50_sigmoid_cal_lay50-50,300,20.0,60,(50, 50),watthours,0.10349721891897057,0.24353683796249587
lstm__granu300_hor20_lb60_drop0.7_pdflen50_sigmoid_cal_lay50-50,300,5.0,60,(50, 50),watthours,0.09852780171884694,0.2882219848551385
lstm__granu300_hor20_lb60_drop0.7_pdflen50_sigmoid_cal_lay50-50,300,5.0,60,(50, 50),watthours,0.09995244540733823,0.23958546829411032
lstm__granu300_hor20_lb60_drop0.7_pdflen50_sigmoid_cal_lay50-50,300,5.0,60,(50, 50),watthours,0.0964035385581246,0.22695641193449448
lstm__granu300_hor20_lb60_drop0.7_pdflen50_sigmoid_cal_lay50-50,300,5.0,60,(50, 50),watthours,0.0002256092746291769,0.4461892008400971
lstm__granu300_hor20_lb60_drop0.7_pdflen50_sigmoid_cal_lay50-50,300,10.0,60,(50, 50),watthours,3.6379512392967525e-05,0.537820747693473
lstm__granu300_hor20_lb60_drop0.7_pdflen50_sigmoid_cal_lay50-50,300,15.0,60,(50, 50),watthours,1.050871722125319e-05,0.6051982747770878
lstm__granu300_hor20_lb60_drop0.7_pdflen50_sigmoid_cal_lay50-50,300,20.0,60,(50, 50),watthours,1.1621947832433458e-05,0.6122333219800025
lstm__granu300_hor20_lb60_drop0.7_pdflen50_sigmoid_cal_lay50-50,300,5.0,60,(50, 50),watthours,5.4672438611507665e-06,0.6447263177430204
lstm__granu300_hor20_lb60_drop0.7_pdflen50_sigmoid_cal_lay50-50,300,10.0,60,(50, 50),watthours,1.3351707464318944e-05,0.6419356035949443
lstm__granu300_hor20_lb60_drop0.7_pdflen50_sigmoid_cal_lay50-50,300,15.0,60,(50, 50),watthours,1.511849657099952e-06,0.6551883678294214
lstm__granu300_hor20_lb60_drop0.7_pdflen50_sigmoid_cal_lay50-50,300,20.0,60,(50, 50),watthours,1.4900041745609844e-06,0.665742949914896
lstm__granu300_hor20_lb60_drop0.7_pdflen50_sigmoid_cal_lay50-50,300,5.0,60,(50, 50),watthours,2.6027324163161817e-06,0.6636200782631627
lstm__granu300_hor20_lb60_drop0.7_pdflen50_sigmoid_cal_lay50-50,300,10.0,60,(50, 50),watthours,1.3044095377760337e-06,0.6708452135574918
lstm__granu300_hor20_lb60_drop0.7_pdflen50_sigmoid_cal_lay50-50,300,15.0,60,(50, 50),watthours,1.6258240654012625e-06,0.6849391118910041
lstm__granu300_hor20_lb60_drop0.7_pdflen50_sigmoid_cal_lay50-50,300,20.0,60,(50, 50),watthours,5.275596475545146e-06,0.7047891290794355
lstm__granu300_hor20_lb60_drop0.7_pdflen50_sigmoid_cal_lay50-50,300,5.0,60,(50, 50),watthours,0.00019030624284648053,0.6068684242899562
lstm__granu300_hor20_lb60_drop0.7_pdflen50_sigmoid_cal_lay50-50,300,5.0,60,(50, 50),watthours,9.472564167920281e-07,0.6147125801391912
lstm__granu300_hor20_lb60_drop0.7_pdflen50_sigmoid_cal_lay50-50,300,5.0,60,(50, 50),watthours,8.278258068866111e-07,0.6234391589853333
lstm__granu300_hor20_lb60_drop0.7_pdflen50_sigmoid_cal_lay50-50,300,5.0,60,(50, 50),watthours,2.5696956517230594e-07,0.6237945057582754
lstm__granu300_hor20_lb60_drop0.7_pdflen50_sigmoid_cal_lay50-50,300,5.0,60,(50, 50),watthours,2.0949265058492176e-07,0.6203400976699878
lstm__granu300_hor20_lb60_drop0.7_pdflen50_sigmoid_cal_lay50-50,300,10.0,60,(50, 50),watthours,1.2217179409665687e-06,0.6335913910494274
lstm__granu300_hor20_lb60_drop0.7_pdflen50_sigmoid_cal_lay50-50,300,15.0,60,(50, 50),watthours,3.0599145167305627e-07,0.7808098148261435
lstm__granu300_hor20_lb60_drop0.7_pdflen50_sigmoid_cal_lay50-50,300,20.0,60,(50, 50),watthours,3.894260873475256e-07,0.7850115188120703
lstm__granu300_hor20_lb60_drop0.7_pdflen50_sigmoid_cal_lay50-50,300,5.0,60,(50, 50),watthours,6.082909506667357e-07,0.7890285786278289
lstm__granu300_hor20_lb60_drop0.7_pdflen50_sigmoid_cal_lay50-50,300,10.0,60,(50, 50),watthours,1.7645679770300008e-06,0.7909015745858002
lstm__granu300_hor20_lb60_drop0.7_pdflen50_sigmoid_cal_lay50-50,300,15.0,60,(50, 50),watthours,4.0854938720968903e-07,0.7954172436019863
lstm__granu300_hor20_lb60_drop0.7_pdflen50_sigmoid_cal_lay50-50,300,20.0,60,(50, 50),watthours,7.196691386626399e-07,0.8017559007800563
lstm__granu300_hor20_lb60_drop0.7_pdflen50_sigmoid_cal_lay50-50,300,5.0,60,(50, 50),watthours,0.21469156394402186,0.0
lstm__granu300_hor20_lb60_drop0.7_pdflen50_sigmoid_cal_lay50-50,300,10.0,60,(50, 50),watthours,0.19374846782949234,0.0
lstm__granu300_hor20_lb60_drop0.7_pdflen50_sigmoid_cal_lay50-50,300,15.0,60,(50, 50),watthours,0.18134962576958868,0.0
lstm__granu300_hor20_lb60_drop0.7_pdflen50_sigmoid_cal_lay50-50,300,20.0,60,(50, 50),watthours,0.1738817024562094,0.0
lstm__granu300_hor20_lb60_drop0.7_pdflen50_sigmoid_cal_lay50-50,300,5.0,60,(50, 50),watthours,0.17524332569705114,0.0
lstm__granu300_hor20_lb60_drop0.7_pdflen50_sigmoid_cal_lay50-50,300,5.0,60,(50, 50),watthours,0.1676379703813129,0.0
lstm__granu300_hor20_lb60_drop0.7_pdflen50_sigmoid_cal_lay50-50,300,10.0,60,(50, 50),watthours,0.1669348014725579,0.0
lstm__granu300_hor20_lb60_drop0.7_pdflen50_sigmoid_cal_lay50-50,300,15.0,60,(50, 50),watthours,0.160374735461341,0.0
lstm__granu300_hor20_lb60_drop0.7_pdflen50_sigmoid_cal_lay50-50,300,5.0,60,(50, 50),watthours,0.15438348650932313,0.0
lstm__granu300_hor20_lb60_drop0.7_pdflen50_sigmoid_cal_lay50-50,300,10.0,60,(50, 50),watthours,0.15421093304951985,0.0
lstm__granu300_hor20_lb60_drop0.7_pdflen50_sigmoid_cal_lay50-50,300,5.0,60,(50, 50),watthours,0.14910783684915965,0.0
lstm__granu300_hor20_lb60_drop0.7_pdflen50_sigmoid_cal_lay50-50,300,5.0,60,(50, 50),watthours,0.15516846352256836,3.642759038984912e-10
lstm__granu300_hor20_lb60_drop0.7_pdflen50_sigmoid_cal_lay50-50,300,10.0,60,(50, 50),watthours,0.14490804158978993,0.0
lstm__granu300_hor20_lb60_drop0.7_pdflen50_sigmoid_cal_lay50-50,300,5.0,60,(50, 50),watthours,0.1422507319185469,0.0
lstm__granu300_hor20_lb60_drop0.7_pdflen50_sigmoid_cal_lay50-50,300,10.0,60,(50, 50),watthours,0.14869982699553172,0.0
lstm__granu300_hor20_lb60_drop0.7_pdflen50_sigmoid_cal_lay50-50,300,15.0,60,(50, 50),watthours,0.1500685100754102,0.0
lstm__granu300_hor20_lb60_drop0.7_pdflen50_sigmoid_cal_lay50-50,300,20.0,60,(50, 50),watthours,0.14344174530771042,0.0
lstm__granu300_hor20_lb60_drop0.7_pdflen50_sigmoid_cal_lay50-50,300,5.0,60,(50, 50),watthours,0.14547489616605971,0.0
lstm__granu300_hor20_lb60_drop0.7_pdflen50_sigmoid_cal_lay50-50,300,10.0,60,(50, 50),watthours,0.14268069391449292,0.0
lstm__granu300_hor20_lb60_drop0.7_pdflen50_sigmoid_cal_lay50-50,300,15.0,60,(50, 50),watthours,0.14706364373366038,0.0
lstm__granu300_hor20_lb60_drop0.7_pdflen50_sigmoid_cal_lay50-50,300,20.0,60,(50, 50),watthours,0.1378815319803026,0.0
lstm__granu300_hor20_lb60_drop0.7_pdflen50_sigmoid_cal_lay50-50,300,5.0,60,(50, 50),watthours,0.1356605342692799,0.0
lstm__granu300_hor20_lb60_drop0.7_pdflen50_sigmoid_cal_lay50-50,300,10.0,60,(50, 50),watthours,0.14155757592784035,0.0
lstm__granu300_hor20_lb60_drop0.7_pdflen50_sigmoid_cal_lay50-50,300,15.0,60,(50, 50),watthours,0.13438645667499965,0.0
lstm__granu300_hor20_lb60_drop0.7_pdflen50_sigmoid_cal_lay50-50,300,5.0,60,(50, 50),watthours,0.13413483368025886,0.0
lstm__granu300_hor20_lb60_drop0.7_pdflen50_sigmoid_cal_lay50-50,300,10.0,60,(50, 50),watthours,0.12843678759204016,0.0
lstm__granu300_hor20_lb60_drop0.7_pdflen50_sigmoid_cal_lay50-50,300,15.0,60,(50, 50),watthours,0.14028596811824376,9.56225637335834e-09
lstm__granu300_hor20_lb60_drop0.7_pdflen50_sigmoid_cal_lay50-50,300,20.0,60,(50, 50),watthours,0.13646356637279192,0.0
lstm__granu300_hor20_lb60_drop0.7_pdflen50_sigmoid_cal_lay50-50,300,5.0,60,(50, 50),watthours,0.13579194222887356,0.0
lstm__granu300_hor20_lb60_drop0.7_pdflen50_sigmoid_cal_lay50-50,300,10.0,60,(50, 50),watthours,0.1394095761080583,0.0
lstm__granu300_hor20_lb60_drop0.7_pdflen50_sigmoid_cal_lay50-50,300,15.0,60,(50, 50),watthours,0.13353592637512418,0.0
lstm__granu300_hor20_lb60_drop0.7_pdflen50_sigmoid_cal_lay50-50,300,20.0,60,(50, 50),watthours,0.133265863193406,0.0
